Chat,Label
"Hello, I have a question regarding my bill.",Billing
My internet connection is very slow. Can you help me with that?,Network
I received an incorrect invoice this month. What should I do now?,Billing
I'm experiencing frequent network disconnections. It's affecting my work.,Network
I'm having trouble making a payment online. Can you assist me?,Payment
My bill seems to be higher than usual. Can you explain the charges?,Billing
I'm unable to access certain websites. Is there an issue with the network?,Network
"I made a payment, but it's not reflecting in my account. Can you check?",Payment
I have a question about the charges on my bill. Can you provide more details?,Billing
My internet speed is significantly slower in the evenings. What could be causing this?,Network
"I'm trying to update my payment method, but it's not going through. Can you help?",Payment
I received a bill for a service I didn't subscribe to. How can I resolve this?,Billing
My network connection keeps dropping every few minutes. It's becoming frustrating.,Network
I accidentally made a duplicate payment. Can you refund the extra amount?,Payment
I want to dispute a charge on my bill. What's the procedure for that?,Billing
I'm unable to connect to the Wi-Fi network. Can you guide me through troubleshooting?,Network
"I made a payment, but it's still showing as outstanding. Can you update the status?",Payment
There's an incorrect entry on my bill. How can I get it corrected?,Billing
My network speed is much slower than what was promised. Can you investigate?,Network
I'm having trouble with the online payment portal. It keeps giving me an error.,Payment
The charges on my bill don't match the agreed-upon plan. Can you rectify this?,Billing
My network connection is completely down. I can't access the internet at all.,Network
I accidentally made a payment to the wrong account. Can you transfer it to the correct one?,Payment
I want to change my billing address. How can I update it in your system?,Billing
I'm experiencing frequent network outages. It's disrupting my work.,Network
"I made a payment, but it's not showing up in my transaction history. Can you investigate?",Payment
The charges on my bill seem to be for services I didn't request. What can be done about this?,Billing
The network signal in my area is very weak. Is there a way to improve it?,Network
I'm unable to make a payment using my credit card. Is there an issue with your payment gateway?,Payment
I want to switch to a different billing plan. How can I do that?,Billing
My network connection is intermittent. It keeps dropping every few minutes.,Network
I accidentally paid my bill twice. Can you refund the extra amount?,Payment
The charges on my bill are higher than what was agreed upon. Can you review it?,Billing
I'm unable to connect to any network. Is there a widespread network issue?,Network
"I made a payment, but it's not reflecting in my recent transactions. Can you investigate?",Payment
There's a discrepancy in the billing cycle mentioned on my bill. Can you correct it?,Billing
I'm experiencing slow internet speeds even though I have a high-speed plan.,Network
I'm getting an error message when trying to make a payment. What should I do?,Payment
I want to dispute a charge on my bill. Can you provide the necessary information?,Billing
The network signal in my area is very weak. Can you check if there's a technical issue?,Network
I accidentally made a payment using the wrong payment method. Can you reverse it?,Payment
I'm being charged for a service that I canceled. Can you adjust the charges on my bill?,Billing
I'm facing constant network interruptions. It's affecting my work productivity.,Network
"I made a payment, but the confirmation email hasn't arrived. Can you verify the transaction?",Payment
The charges on my bill are higher than what was communicated to me. Can you explain the difference?,Billing
I'm unable to connect to the network on my mobile device. What can I do to troubleshoot?,Network
I accidentally paid an incorrect amount for my bill. Can you adjust it?,Payment
I want to inquire about the available billing options. Can you provide more details?,Billing
My network speed is much slower than what I'm paying for. Can you investigate the issue?,Network
"I'm trying to make a payment, but the website keeps timing out. Is there an alternative method?",Payment
There's an error in the billing address on my bill. How can I get it corrected?,Billing
I'm experiencing frequent network outages in my area. Can you look into it?,Network
"I made a payment, but the amount deducted from my account is incorrect. Can you rectify it?",Payment
Chat,Label
"Hello, I have a question about my internet connection.",Internet
I'm experiencing slow internet speeds. Can you help?,Internet
I'm having trouble making calls. Can you assist?,Call Quality
I need to upgrade my phone plan. How can I do that?,Plan Upgrade
I'm unable to send text messages. What should I do?,Messaging
What are the international calling rates?,International Calling
I want to activate call forwarding. How can I set it up?,Call Forwarding
I have a billing inquiry. Who can I speak to?,Billing
My mobile data is not working. Can you troubleshoot it?,Mobile Data
Can you recommend a good data plan for streaming?,Plan Recommendation
I want to switch my network provider. How do I do that?,Network Switch
I'm experiencing frequent call drops. What could be the issue?,Call Quality
I forgot my voicemail password. How can I reset it?,Voicemail
How can I check my current data usage?,Data Usage
I'm having trouble with the network coverage in my area.,Network Coverage
Can you help me unlock my phone?,Phone Unlocking
I want to transfer my number to another provider. How can I do that?,Number Porting
I accidentally subscribed to a premium service. How can I cancel it?,Subscription Management
I'm traveling abroad. How do I activate international roaming?,Roaming Activation
What is the process for device insurance claim?,Insurance Claim
I want to set up a conference call. How do I do that?,Conference Calling
I'm having trouble accessing my voicemail. What should I do?,Voicemail
How can I set up a mobile hotspot on my device?,Mobile Hotspot
Is there a limit on the number of text messages I can send?,Messaging
My phone's screen is cracked. Can you help with repairs?,Device Repair
I want to add a new line to my existing plan. How can I do that?,New Line Addition
Can I track my order status online?,Order Tracking
I'm receiving unwanted spam calls. How can I block them?,Call Blocking
I want to change my billing address. How can I update it?,Billing Address Update
How can I extend the ring time before calls go to voicemail?,Ring Time Extension
I accidentally deleted important text messages. Can I recover them?,Message Recovery
Can you recommend a reliable signal booster for my home?,Signal Booster Recommendation
I'm unable to access the internet while roaming. Can you assist?,Roaming Internet Issue
What is the process for transferring contacts to a new device?,Contact Transfer
Is there a way to set up parental controls on my child's phone?,Parental Controls
I want to change my plan to a prepaid one. How can I switch?,Plan Switch
Can I keep my current phone number if I switch to a new provider?,Number Portability
My phone is not receiving incoming calls. What could be the problem?,Call Reception Issue
Is there an option for unlimited data plans?,Unlimited Data
I'm experiencing network congestion. How can it be resolved?,Network Congestion
How can I set up automatic bill payment?,Auto Bill Payment
I'm having trouble with my voicemail greeting. Can you guide me?,Voicemail Greeting Setup
Can you recommend a good phone for photography?,Phone Recommendation
Is there a data rollover feature available in the plans?,Data Rollover
I want to change my plan to a family plan. How can I do that?,Family Plan Change
I'm getting unwanted telemarketing messages. Can you help?,Message Filtering
I want to upgrade my phone. What are the available options?,Phone Upgrade
Is there a mobile app for managing my account?,Account Management App
I'm unable to connect to Wi-Fi. Can you troubleshoot it?,Wi-Fi Connection Issue
How can I set up speed dial on my phone?,Speed Dial Setup
I need assistance with transferring photos from my phone to a computer.,Photo Transfer Help
Can I change my phone number to a specific one of my choice?,Custom Phone Number
I'm having trouble with the touch screen on my device. What should I do?,Touch Screen Issue
How can I enable call waiting on my phone?,Call Waiting Activation
Is there an option for international data packages?,International Data
I want to downgrade my plan. How can I switch to a lower-priced plan?,Plan Downgrade
Can you help me troubleshoot my mobile network connectivity?,Network Connectivity Help
I'm unable to access the internet through mobile data. Can you assist?,Mobile Data Issue
How can I check my current balance and usage?,Balance and Usage Check
Is there a way to activate a Do Not Disturb mode on my device?,Do Not Disturb Activation
Can you recommend a good Bluetooth headset for phone calls?,Bluetooth Headset Recommendation
I need assistance with setting up my email on my phone.,Email Setup Help
I want to change my voicemail language. How can I do that?,Voicemail Language Change
Is there a way to limit my data usage to avoid extra charges?,Data Usage Limitation
I'm unable to receive text messages. What should I do?,Text Message Reception Issue
How can I set up call forwarding on my phone?,Call Forwarding Setup
I'm experiencing poor call quality in specific areas. What could be the reason?,Call Quality Issue
Can I access my voicemail from a different phone? How?,Voicemail Access from Another Phone
I want to set up a call reminder on my phone. How can I do that?,Call Reminder Setup
Is there an option for unlimited calling to specific countries?,International Calling Plans
I'm having trouble with the speaker on my device. Can you assist?,Speaker Issue
How can I block a specific phone number from contacting me?,Number Blocking
Can you recommend a good data plan for gaming?,Gaming Data Plan Recommendation
I need assistance with transferring my contacts to a new SIM card.,SIM Card Contact Transfer
I want to change my phone number. What is the process for that?,Phone Number Change
Is there a way to track my data usage to avoid exceeding limits?,Data Usage Tracking
I'm unable to access voicemail messages. Can you help?,Voicemail Access Issue
How can I set up call recording on my device?,Call Recording Setup
I want to change the language settings on my phone. How can I do that?,Language Change
Can you recommend a good phone for business use?,Business Phone Recommendation
I'm unable to send picture messages. What should I do?,Picture Message Sending Issue
Is there an option for unlimited calling within the same network?,Network Calling Plans
How can I check my call history on my device?,Call History Check
I want to switch my voicemail provider. How can I do that?,Voicemail Provider Switch
I'm experiencing network outages in my area. Can you provide details?,Network Outage Inquiry
What is the process for transferring data between two devices?,Data Transfer Process
Can I use my phone as a Wi-Fi hotspot? How can I set it up?,Wi-Fi Hotspot Setup
I want to set up a personal hotspot on my device. How can I do that?,Personal Hotspot Setup
Is there an option for unlimited texting in the plans?,Unlimited Texting
I'm unable to make calls while roaming. Can you assist?,Roaming Call Issue
How can I check my upgrade eligibility?,Upgrade Eligibility Check
I want to activate a new SIM card. How can I do that?,SIM Card Activation
Can you recommend a good phone for music streaming?,Music Streaming Phone Recommendation
I'm unable to make international calls. What could be the issue?,International Call Issue
Is there an option for data sharing among multiple devices?,Data Sharing Plans
How can I update the software on my device?,Software Update Process
I want to set up call screening on my phone. How can I do that?,Call Screening Setup
Can you recommend a good phone for video conferencing?,Video Conferencing Phone Recommendation
I'm experiencing issues with my device's battery. Can you help?,Battery Issue
How can I change the ringtone on my phone?,Ringtone Change Process
I want to transfer my contacts from an old phone to a new one. How can I do that?,Contact Transfer Process
Is there an option for prepaid international calling cards?,Prepaid International Calling
I'm unable to make calls to specific numbers. What could be the reason?,Call Restriction Issue
Can you recommend a good phone for multitasking?,Multitasking Phone Recommendation
I want to change my voicemail password. How can I do that?,Voicemail Password Change
How can I enable Wi-Fi calling on my device?,Wi-Fi Calling Activation
I'm experiencing issues with the microphone on my device. What should I do?,Microphone Issue
Is there an option for data add-ons in the plans?,Data Add-Ons
How can I disable call waiting on my phone?,Call Waiting Deactivation
I want to transfer my photos to an external storage device. How can I do that?,Photo Transfer to External Storage
I'm unable to access my email on my phone. Can you assist?,Email Access Issue
What is the process for upgrading my device?,Device Upgrade Process
Can you recommend a good phone for social media usage?,Social Media Phone Recommendation
I want to disable mobile data on my device. How can I do that?,Mobile Data Disablement
How can I check the coverage map for network availability in specific areas?,Coverage Map Check
I'm unable to download apps from the app store. What should I do?,App Download Issue
Is there an option for shared data plans among multiple users?,Shared Data Plans
How can I turn on call forwarding when my phone is busy?,Busy Call Forwarding Setup
Can you recommend a good phone for photography and videography?,Camera Phone Recommendation
I want to set up a speed test for my internet connection. How can I do that?,Internet Speed Test Setup
I'm experiencing issues with the fingerprint scanner on my device. Can you assist?,Fingerprint Scanner Issue
How can I check my voicemail messages from a landline?,Voicemail Access from Landline
I want to change the voicemail retrieval number on my phone. How can I do that?,Voicemail Retrieval Number Change
Is there an option for international text messaging plans?,International Texting Plans
I'm unable to receive voicemail notifications. What should I do?,Voicemail Notification Issue
How can I enable call forwarding when my phone is unanswered?,Unanswered Call Forwarding Setup
Can you recommend a good phone for gaming?,Gaming Phone Recommendation
I need assistance with setting up my phone's Wi-Fi calling feature.,Wi-Fi Calling Setup Help
I want to transfer my text messages to a new device. How can I do that?,Text Message Transfer Process
Is there a way to limit my call duration to avoid excessive charges?,Call Duration Limitation
I'm unable to connect to the internet on my laptop via mobile hotspot. Can you assist?,Hotspot Internet Connection Issue
How can I deactivate my voicemail service temporarily?,Temporary Voicemail Deactivation
Can you recommend a good phone for outdoor activities?,Outdoor Phone Recommendation
I want to set up call forwarding when my phone is unreachable. How can I do that?,Unreachable Call Forwarding Setup
I'm experiencing issues with the GPS on my device. Can you help?,GPS Issue
How can I check my plan details and features?,Plan Details Check
I want to set up a notification for missed calls on my phone. How can I do that?,Missed Call Notification Setup
Is there an option for unlimited calls within a specific time frame?,Limited Time Unlimited Calls
I'm unable to access certain websites on my device. What should I do?,Website Access Issue
How can I transfer my music from my computer to my phone?,Music Transfer Process
Can you recommend a good phone for productivity and organization?,Productivity Phone Recommendation
I need assistance with setting up call waiting on my phone.,Call Waiting Setup Help
I want to transfer my apps and settings to a new device. How can I do that?,App and Settings Transfer
Is there a way to track my device in case of loss or theft?,Device Tracking Feature
How can I enable a data usage warning on my phone?,Data Usage Warning Setup
I'm unable to send or receive multimedia messages. What should I do?,Multimedia Message Issue
Can you recommend a good phone for virtual reality applications?,Virtual Reality Phone Recommendation
I want to set up a call time reminder on my phone. How can I do that?,Call Time Reminder Setup
I'm experiencing issues with the auto-rotate feature on my device. Can you assist?,Auto-Rotate Issue
How can I check my phone's warranty status?,Warranty Status Check
I want to transfer my videos to a computer. How can I do that?,Video Transfer Process
Is there an option for unlimited international texting in the plans?,Unlimited International Texting
I'm unable to send or receive emails on my phone. Can you assist?,Email Sending/Receiving Issue
What is the process for downgrading my device?,Device Downgrade Process
Can you recommend a good phone for media streaming?,Media Streaming Phone Recommendation
I want to disable call waiting on my phone. How can I do that?,Call Waiting Deactivation
How can I enable Wi-Fi calling on my device?,Wi-Fi Calling Activation
I'm experiencing issues with the microphone on my device. What should I do?,Microphone Issue
Is there an option for data add-ons in the plans?,Data Add-Ons
How can I disable call forwarding on my phone?,Call Forwarding Deactivation
I want to transfer my photos to an external storage device. How can I do that?,Photo Transfer to External Storage
I'm unable to access my email on my phone. Can you assist?,Email Access Issue
What is the process for upgrading my device?,Device Upgrade Process
Can you recommend a good phone for social media usage?,Social Media Phone Recommendation
I want to disable mobile data on my device. How can I do that?,Mobile Data Disablement
How can I check the coverage map for network availability in specific areas?,Coverage Map Check
I'm unable to download apps from the app store. What should I do?,App Download Issue
Is there an option for shared data plans among multiple users?,Shared Data Plans
How can I turn on call forwarding when my phone is busy?,Busy Call Forwarding Setup
Can you recommend a good phone for photography and videography?,Camera Phone Recommendation
sim not working,SIM Card Activation
sim not working,SIM Activation
SIM not showing signal,SIM Card Activation
i am unable to make or receive calls,Network
i am not feeling well,Not Related to telecom
top telcom compaies in world,jio
